{"text": " Si computadora tira los dados para m\u00ed.", "segments": [{"id": 0, "seek": 0, "start": 0.0, "end": 4.0, "text": " Si computadora tira los dados para m\u00ed.", "tokens": [50364, 4909, 2807, 23020, 256, 4271, 1750, 39915, 1690, 14692, 13, 50564], "temperature": 0.0, "avg_logprob": -0.6230941919180063, "compression_ratio": 0.9069767441860465, "no_speech_prob": 0.27068477869033813}], "language": "es"}