{"text": " puedes realizar b\u00fasqueda por internet o no.", "segments": [{"id": 0, "seek": 0, "start": 0.0, "end": 4.8, "text": " puedes realizar b\u00fasqueda por internet o no.", "tokens": [50364, 19010, 36461, 272, 10227, 358, 8801, 1515, 4705, 277, 572, 13, 50604], "temperature": 0.0, "avg_logprob": -0.7036679131644112, "compression_ratio": 0.8627450980392157, "no_speech_prob": 0.18498313426971436}], "language": "es"}