{"text": " Plat\u00edgame un poco de ti qui\u00e9n eres como te llamas que te gusta hacer.", "segments": [{"id": 0, "seek": 0, "start": 0.0, "end": 4.64, "text": " Plat\u00edgame un poco de ti qui\u00e9n eres como te llamas que te gusta hacer.", "tokens": [50364, 17461, 870, 70, 529, 517, 10639, 368, 8757, 35327, 30065, 2617, 535, 16848, 296, 631, 535, 20576, 6720, 13, 50596], "temperature": 0.0, "avg_logprob": -0.5338558283719149, "compression_ratio": 0.9594594594594594, "no_speech_prob": 0.014396562241017818}], "language": "es"}