{"text": " platicanme m\u00e1s sobre las abijas", "segments": [{"id": 0, "seek": 0, "start": 0.0, "end": 2.0, "text": " platicanme m\u00e1s sobre las abijas", "tokens": [50364, 499, 2399, 282, 1398, 3573, 5473, 2439, 410, 1718, 296, 50464], "temperature": 0.0, "avg_logprob": -0.7835779923659104, "compression_ratio": 0.8, "no_speech_prob": 0.01917063631117344}], "language": "es"}