{"text": " \u00bfC\u00f3mo est\u00e1s? \u00bfC\u00f3mo te llamas? \u00bfQu\u00e9 te gusta hacer? Platicame algo bonito sobre ti.", "segments": [{"id": 0, "seek": 0, "start": 0.0, "end": 2.52, "text": " \u00bfC\u00f3mo est\u00e1s? \u00bfC\u00f3mo te llamas? \u00bfQu\u00e9 te gusta hacer?", "tokens": [50364, 3841, 28342, 24389, 30, 3841, 28342, 535, 16848, 296, 30, 3841, 15137, 535, 20576, 6720, 30, 50490], "temperature": 0.0, "avg_logprob": -0.46892511433568496, "compression_ratio": 1.0229885057471264, "no_speech_prob": 0.028410475701093674}, {"id": 1, "seek": 0, "start": 2.52, "end": 4.72, "text": " Platicame algo bonito sobre ti.", "tokens": [50490, 2149, 2399, 529, 8655, 31209, 5473, 8757, 13, 50600], "temperature": 0.0, "avg_logprob": -0.46892511433568496, "compression_ratio": 1.0229885057471264, "no_speech_prob": 0.028410475701093674}], "language": "es"}