{"text": " \u00bfC\u00f3mo est\u00e1s?", "segments": [{"id": 0, "seek": 0, "start": 0.0, "end": 2.0, "text": " \u00bfC\u00f3mo est\u00e1s?", "tokens": [50364, 3841, 28342, 24389, 30, 50464], "temperature": 0.0, "avg_logprob": -0.6078050477164132, "compression_ratio": 0.6521739130434783, "no_speech_prob": 0.06860895454883575}], "language": "es"}