{"text": " \u00bfQu\u00e9 tal, computadora? \u00bfC\u00f3mo est\u00e1s? \u00bfC\u00f3mo has estado platilla en un poco m\u00e1s de ti por favor?", "segments": [{"id": 0, "seek": 0, "start": 0.0, "end": 5.4, "text": " \u00bfQu\u00e9 tal, computadora? \u00bfC\u00f3mo est\u00e1s? \u00bfC\u00f3mo has estado platilla en un poco m\u00e1s de ti por favor?", "tokens": [50364, 3841, 15137, 4023, 11, 2807, 23020, 30, 3841, 28342, 24389, 30, 3841, 28342, 575, 18372, 3403, 5291, 465, 517, 10639, 3573, 368, 8757, 1515, 2294, 30, 50634], "temperature": 0.0, "avg_logprob": -0.4673394828007139, "compression_ratio": 1.063157894736842, "no_speech_prob": 0.031533271074295044}], "language": "es"}