{"text": " Tira dos dados", "segments": [{"id": 0, "seek": 0, "start": 0.0, "end": 2.0, "text": " Tira dos dados", "tokens": [50364, 314, 4271, 4491, 39915, 50464], "temperature": 0.0, "avg_logprob": -0.6727218627929688, "compression_ratio": 0.7, "no_speech_prob": 0.22671763598918915}], "language": "es"}