{"text": " me refiero a que quiero que me digas qu\u00e9 hora del d\u00eda es pudieras ejecutar tu funci\u00f3n para determinar qu\u00e9 hora es", "segments": [{"id": 0, "seek": 0, "start": 0.0, "end": 5.4, "text": " me refiero a que quiero que me digas qu\u00e9 hora del d\u00eda es", "tokens": [50364, 385, 1895, 12030, 257, 631, 16811, 631, 385, 2528, 296, 8057, 15098, 1103, 12271, 785, 50634], "temperature": 0.0, "avg_logprob": -0.3811016363256118, "compression_ratio": 1.2580645161290323, "no_speech_prob": 0.03675469756126404}, {"id": 1, "seek": 0, "start": 5.4, "end": 11.4, "text": " pudieras ejecutar tu funci\u00f3n para determinar qu\u00e9 hora es", "tokens": [50634, 14166, 811, 296, 39564, 6672, 289, 2604, 43735, 1690, 3618, 6470, 8057, 15098, 785, 50934], "temperature": 0.0, "avg_logprob": -0.3811016363256118, "compression_ratio": 1.2580645161290323, "no_speech_prob": 0.03675469756126404}], "language": "es"}