{"text": " \u00bfQu\u00e9 me cuentas? \u00bfQu\u00e9 ha hecho \u00faltimamente? Platica me un poco m\u00e1s de ti. Un poco m\u00e1s de las cosas que te amenizan, que te gusta ser a ti.", "segments": [{"id": 0, "seek": 0, "start": 0.0, "end": 9.0, "text": " \u00bfQu\u00e9 me cuentas? \u00bfQu\u00e9 ha hecho \u00faltimamente? Platica me un poco m\u00e1s de ti. Un poco m\u00e1s de las cosas que te amenizan, que te gusta ser a ti.", "tokens": [50364, 3841, 15137, 385, 46414, 296, 30, 3841, 15137, 324, 13064, 11499, 332, 3439, 30, 2149, 2399, 64, 385, 517, 10639, 3573, 368, 8757, 13, 1156, 10639, 3573, 368, 2439, 12218, 631, 535, 18497, 590, 282, 11, 631, 535, 20576, 816, 257, 8757, 13, 50814], "temperature": 0.0, "avg_logprob": -0.411871453990107, "compression_ratio": 1.218487394957983, "no_speech_prob": 0.022093497216701508}], "language": "es"}