{"text": " \u00bfQu\u00e9 tal, computadora? \u00bfC\u00f3mo est\u00e1s? \u00bfC\u00f3mo te llamas?", "segments": [{"id": 0, "seek": 0, "start": 0.0, "end": 3.0, "text": " \u00bfQu\u00e9 tal, computadora? \u00bfC\u00f3mo est\u00e1s? \u00bfC\u00f3mo te llamas?", "tokens": [50364, 3841, 15137, 4023, 11, 2807, 23020, 30, 3841, 28342, 24389, 30, 3841, 28342, 535, 16848, 296, 30, 50514], "temperature": 0.0, "avg_logprob": -0.37961492538452146, "compression_ratio": 0.9833333333333333, "no_speech_prob": 0.14384037256240845}], "language": "es"}